[{"model": "admin.logentry", "pk": 1, "fields": {"action_time": "2022-04-30T18:50:50.609Z", "user": 1, "content_type": 7, "object_id": "1", "object_repr": "Диван", "action_flag": 2, "change_message": "[{\"changed\": {\"fields\": [\"Image\"]}}]"}}, {"model": "admin.logentry", "pk": 2, "fields": {"action_time": "2022-04-30T18:51:05.365Z", "user": 1, "content_type": 7, "object_id": "2", "object_repr": "Удобный диван", "action_flag": 2, "change_message": "[{\"changed\": {\"fields\": [\"Image\"]}}]"}}, {"model": "admin.logentry", "pk": 3, "fields": {"action_time": "2022-04-30T18:51:11.706Z", "user": 1, "content_type": 7, "object_id": "3", "object_repr": "Красивая люстра", "action_flag": 2, "change_message": "[{\"changed\": {\"fields\": [\"Image\"]}}]"}}, {"model": "admin.logentry", "pk": 4, "fields": {"action_time": "2022-04-30T18:51:43.963Z", "user": 1, "content_type": 7, "object_id": "4", "object_repr": "Обеденный стул", "action_flag": 2, "change_message": "[{\"changed\": {\"fields\": [\"Image\"]}}]"}}, {"model": "admin.logentry", "pk": 5, "fields": {"action_time": "2022-04-30T18:51:56.594Z", "user": 1, "content_type": 7, "object_id": "5", "object_repr": "Стол", "action_flag": 2, "change_message": "[{\"changed\": {\"fields\": [\"Image\"]}}]"}}, {"model": "admin.logentry", "pk": 6, "fields": {"action_time": "2022-04-30T18:52:08.916Z", "user": 1, "content_type": 7, "object_id": "6", "object_repr": "Мега-кресло", "action_flag": 2, "change_message": "[{\"changed\": {\"fields\": [\"Image\"]}}]"}}, {"model": "admin.logentry", "pk": 7, "fields": {"action_time": "2022-04-30T18:52:39.614Z", "user": 1, "content_type": 7, "object_id": "4", "object_repr": "Обеденный стул", "action_flag": 2, "change_message": "[{\"changed\": {\"fields\": [\"Image\"]}}]"}}, {"model": "admin.logentry", "pk": 8, "fields": {"action_time": "2022-04-30T18:53:05.024Z", "user": 1, "content_type": 7, "object_id": "4", "object_repr": "Обеденный стул", "action_flag": 2, "change_message": "[{\"changed\": {\"fields\": [\"Image\"]}}]"}}, {"model": "admin.logentry", "pk": 9, "fields": {"action_time": "2022-04-30T18:53:11.560Z", "user": 1, "content_type": 7, "object_id": "6", "object_repr": "Мега-кресло", "action_flag": 2, "change_message": "[{\"changed\": {\"fields\": [\"Image\"]}}]"}}, {"model": "admin.logentry", "pk": 10, "fields": {"action_time": "2022-05-02T07:23:37.769Z", "user": 1, "content_type": 9, "object_id": "9", "object_repr": "Basket object (9)", "action_flag": 3, "change_message": ""}}, {"model": "admin.logentry", "pk": 11, "fields": {"action_time": "2022-05-02T07:23:37.777Z", "user": 1, "content_type": 9, "object_id": "8", "object_repr": "Basket object (8)", "action_flag": 3, "change_message": ""}}, {"model": "admin.logentry", "pk": 12, "fields": {"action_time": "2022-05-02T07:23:37.784Z", "user": 1, "content_type": 9, "object_id": "7", "object_repr": "Basket object (7)", "action_flag": 3, "change_message": ""}}, {"model": "admin.logentry", "pk": 13, "fields": {"action_time": "2022-05-02T08:03:46.135Z", "user": 1, "content_type": 7, "object_id": "6", "object_repr": "Мега-кресло", "action_flag": 2, "change_message": "[{\"changed\": {\"fields\": [\"\\u0426\\u0435\\u043d\\u0430 \\u043f\\u0440\\u043e\\u0434\\u0443\\u043a\\u0442\\u0430\"]}}]"}}, {"model": "admin.logentry", "pk": 14, "fields": {"action_time": "2022-05-02T08:03:52.648Z", "user": 1, "content_type": 7, "object_id": "5", "object_repr": "Стол", "action_flag": 2, "change_message": "[{\"changed\": {\"fields\": [\"\\u041a\\u043e\\u043b\\u0438\\u0447\\u0435\\u0441\\u0442\\u0432\\u043e \\u043d\\u0430 \\u0441\\u043a\\u043b\\u0430\\u0434\\u0435\"]}}]"}}, {"model": "admin.logentry", "pk": 15, "fields": {"action_time": "2022-05-02T08:04:01.177Z", "user": 1, "content_type": 7, "object_id": "1", "object_repr": "Диван", "action_flag": 2, "change_message": "[{\"changed\": {\"fields\": [\"\\u0426\\u0435\\u043d\\u0430 \\u043f\\u0440\\u043e\\u0434\\u0443\\u043a\\u0442\\u0430\", \"\\u041a\\u043e\\u043b\\u0438\\u0447\\u0435\\u0441\\u0442\\u0432\\u043e \\u043d\\u0430 \\u0441\\u043a\\u043b\\u0430\\u0434\\u0435\"]}}]"}}, {"model": "admin.logentry", "pk": 16, "fields": {"action_time": "2022-05-15T05:09:29.175Z", "user": 1, "content_type": 7, "object_id": "2", "object_repr": "Удобный диван", "action_flag": 2, "change_message": "[{\"changed\": {\"fields\": [\"\\u0426\\u0435\\u043d\\u0430 \\u043f\\u0440\\u043e\\u0434\\u0443\\u043a\\u0442\\u0430\"]}}]"}}, {"model": "admin.logentry", "pk": 17, "fields": {"action_time": "2022-05-15T05:09:34.515Z", "user": 1, "content_type": 7, "object_id": "3", "object_repr": "Красивая люстра", "action_flag": 2, "change_message": "[{\"changed\": {\"fields\": [\"\\u0426\\u0435\\u043d\\u0430 \\u043f\\u0440\\u043e\\u0434\\u0443\\u043a\\u0442\\u0430\"]}}]"}}, {"model": "admin.logentry", "pk": 18, "fields": {"action_time": "2022-05-15T05:09:42.185Z", "user": 1, "content_type": 7, "object_id": "4", "object_repr": "Обеденный стул", "action_flag": 2, "change_message": "[{\"changed\": {\"fields\": [\"\\u0426\\u0435\\u043d\\u0430 \\u043f\\u0440\\u043e\\u0434\\u0443\\u043a\\u0442\\u0430\"]}}]"}}, {"model": "admin.logentry", "pk": 19, "fields": {"action_time": "2022-05-15T05:09:50.109Z", "user": 1, "content_type": 7, "object_id": "5", "object_repr": "Стол", "action_flag": 2, "change_message": "[{\"changed\": {\"fields\": [\"\\u0426\\u0435\\u043d\\u0430 \\u043f\\u0440\\u043e\\u0434\\u0443\\u043a\\u0442\\u0430\"]}}]"}}, {"model": "admin.logentry", "pk": 20, "fields": {"action_time": "2022-05-15T05:09:53.299Z", "user": 1, "content_type": 7, "object_id": "6", "object_repr": "Мега-кресло", "action_flag": 2, "change_message": "[]"}}, {"model": "admin.logentry", "pk": 21, "fields": {"action_time": "2022-05-16T13:29:06.028Z", "user": 1, "content_type": 7, "object_id": "7", "object_repr": "Очень красивая люстра", "action_flag": 1, "change_message": "[{\"added\": {}}]"}}, {"model": "auth.permission", "pk": 1, "fields": {"name": "Can add log entry", "content_type": 1, "codename": "add_logentry"}}, {"model": "auth.permission", "pk": 2, "fields": {"name": "Can change log entry", "content_type": 1, "codename": "change_logentry"}}, {"model": "auth.permission", "pk": 3, "fields": {"name": "Can delete log entry", "content_type": 1, "codename": "delete_logentry"}}, {"model": "auth.permission", "pk": 4, "fields": {"name": "Can view log entry", "content_type": 1, "codename": "view_logentry"}}, {"model": "auth.permission", "pk": 5, "fields": {"name": "Can add permission", "content_type": 2, "codename": "add_permission"}}, {"model": "auth.permission", "pk": 6, "fields": {"name": "Can change permission", "content_type": 2, "codename": "change_permission"}}, {"model": "auth.permission", "pk": 7, "fields": {"name": "Can delete permission", "content_type": 2, "codename": "delete_permission"}}, {"model": "auth.permission", "pk": 8, "fields": {"name": "Can view permission", "content_type": 2, "codename": "view_permission"}}, {"model": "auth.permission", "pk": 9, "fields": {"name": "Can add group", "content_type": 3, "codename": "add_group"}}, {"model": "auth.permission", "pk": 10, "fields": {"name": "Can change group", "content_type": 3, "codename": "change_group"}}, {"model": "auth.permission", "pk": 11, "fields": {"name": "Can delete group", "content_type": 3, "codename": "delete_group"}}, {"model": "auth.permission", "pk": 12, "fields": {"name": "Can view group", "content_type": 3, "codename": "view_group"}}, {"model": "auth.permission", "pk": 13, "fields": {"name": "Can add content type", "content_type": 4, "codename": "add_contenttype"}}, {"model": "auth.permission", "pk": 14, "fields": {"name": "Can change content type", "content_type": 4, "codename": "change_contenttype"}}, {"model": "auth.permission", "pk": 15, "fields": {"name": "Can delete content type", "content_type": 4, "codename": "delete_contenttype"}}, {"model": "auth.permission", "pk": 16, "fields": {"name": "Can view content type", "content_type": 4, "codename": "view_contenttype"}}, {"model": "auth.permission", "pk": 17, "fields": {"name": "Can add session", "content_type": 5, "codename": "add_session"}}, {"model": "auth.permission", "pk": 18, "fields": {"name": "Can change session", "content_type": 5, "codename": "change_session"}}, {"model": "auth.permission", "pk": 19, "fields": {"name": "Can delete session", "content_type": 5, "codename": "delete_session"}}, {"model": "auth.permission", "pk": 20, "fields": {"name": "Can view session", "content_type": 5, "codename": "view_session"}}, {"model": "auth.permission", "pk": 21, "fields": {"name": "Can add product category", "content_type": 6, "codename": "add_productcategory"}}, {"model": "auth.permission", "pk": 22, "fields": {"name": "Can change product category", "content_type": 6, "codename": "change_productcategory"}}, {"model": "auth.permission", "pk": 23, "fields": {"name": "Can delete product category", "content_type": 6, "codename": "delete_productcategory"}}, {"model": "auth.permission", "pk": 24, "fields": {"name": "Can view product category", "content_type": 6, "codename": "view_productcategory"}}, {"model": "auth.permission", "pk": 25, "fields": {"name": "Can add product", "content_type": 7, "codename": "add_product"}}, {"model": "auth.permission", "pk": 26, "fields": {"name": "Can change product", "content_type": 7, "codename": "change_product"}}, {"model": "auth.permission", "pk": 27, "fields": {"name": "Can delete product", "content_type": 7, "codename": "delete_product"}}, {"model": "auth.permission", "pk": 28, "fields": {"name": "Can view product", "content_type": 7, "codename": "view_product"}}, {"model": "auth.permission", "pk": 29, "fields": {"name": "Can add user", "content_type": 8, "codename": "add_shopuser"}}, {"model": "auth.permission", "pk": 30, "fields": {"name": "Can change user", "content_type": 8, "codename": "change_shopuser"}}, {"model": "auth.permission", "pk": 31, "fields": {"name": "Can delete user", "content_type": 8, "codename": "delete_shopuser"}}, {"model": "auth.permission", "pk": 32, "fields": {"name": "Can view user", "content_type": 8, "codename": "view_shopuser"}}, {"model": "auth.permission", "pk": 33, "fields": {"name": "Can add basket", "content_type": 9, "codename": "add_basket"}}, {"model": "auth.permission", "pk": 34, "fields": {"name": "Can change basket", "content_type": 9, "codename": "change_basket"}}, {"model": "auth.permission", "pk": 35, "fields": {"name": "Can delete basket", "content_type": 9, "codename": "delete_basket"}}, {"model": "auth.permission", "pk": 36, "fields": {"name": "Can view basket", "content_type": 9, "codename": "view_basket"}}, {"model": "auth.permission", "pk": 37, "fields": {"name": "Can add association", "content_type": 10, "codename": "add_association"}}, {"model": "auth.permission", "pk": 38, "fields": {"name": "Can change association", "content_type": 10, "codename": "change_association"}}, {"model": "auth.permission", "pk": 39, "fields": {"name": "Can delete association", "content_type": 10, "codename": "delete_association"}}, {"model": "auth.permission", "pk": 40, "fields": {"name": "Can view association", "content_type": 10, "codename": "view_association"}}, {"model": "auth.permission", "pk": 41, "fields": {"name": "Can add code", "content_type": 11, "codename": "add_code"}}, {"model": "auth.permission", "pk": 42, "fields": {"name": "Can change code", "content_type": 11, "codename": "change_code"}}, {"model": "auth.permission", "pk": 43, "fields": {"name": "Can delete code", "content_type": 11, "codename": "delete_code"}}, {"model": "auth.permission", "pk": 44, "fields": {"name": "Can view code", "content_type": 11, "codename": "view_code"}}, {"model": "auth.permission", "pk": 45, "fields": {"name": "Can add nonce", "content_type": 12, "codename": "add_nonce"}}, {"model": "auth.permission", "pk": 46, "fields": {"name": "Can change nonce", "content_type": 12, "codename": "change_nonce"}}, {"model": "auth.permission", "pk": 47, "fields": {"name": "Can delete nonce", "content_type": 12, "codename": "delete_nonce"}}, {"model": "auth.permission", "pk": 48, "fields": {"name": "Can view nonce", "content_type": 12, "codename": "view_nonce"}}, {"model": "auth.permission", "pk": 49, "fields": {"name": "Can add user social auth", "content_type": 13, "codename": "add_usersocialauth"}}, {"model": "auth.permission", "pk": 50, "fields": {"name": "Can change user social auth", "content_type": 13, "codename": "change_usersocialauth"}}, {"model": "auth.permission", "pk": 51, "fields": {"name": "Can delete user social auth", "content_type": 13, "codename": "delete_usersocialauth"}}, {"model": "auth.permission", "pk": 52, "fields": {"name": "Can view user social auth", "content_type": 13, "codename": "view_usersocialauth"}}, {"model": "auth.permission", "pk": 53, "fields": {"name": "Can add partial", "content_type": 14, "codename": "add_partial"}}, {"model": "auth.permission", "pk": 54, "fields": {"name": "Can change partial", "content_type": 14, "codename": "change_partial"}}, {"model": "auth.permission", "pk": 55, "fields": {"name": "Can delete partial", "content_type": 14, "codename": "delete_partial"}}, {"model": "auth.permission", "pk": 56, "fields": {"name": "Can view partial", "content_type": 14, "codename": "view_partial"}}, {"model": "auth.permission", "pk": 57, "fields": {"name": "Can add shop user profile", "content_type": 15, "codename": "add_shopuserprofile"}}, {"model": "auth.permission", "pk": 58, "fields": {"name": "Can change shop user profile", "content_type": 15, "codename": "change_shopuserprofile"}}, {"model": "auth.permission", "pk": 59, "fields": {"name": "Can delete shop user profile", "content_type": 15, "codename": "delete_shopuserprofile"}}, {"model": "auth.permission", "pk": 60, "fields": {"name": "Can view shop user profile", "content_type": 15, "codename": "view_shopuserprofile"}}, {"model": "auth.permission", "pk": 61, "fields": {"name": "Can add заказ", "content_type": 16, "codename": "add_order"}}, {"model": "auth.permission", "pk": 62, "fields": {"name": "Can change заказ", "content_type": 16, "codename": "change_order"}}, {"model": "auth.permission", "pk": 63, "fields": {"name": "Can delete заказ", "content_type": 16, "codename": "delete_order"}}, {"model": "auth.permission", "pk": 64, "fields": {"name": "Can view заказ", "content_type": 16, "codename": "view_order"}}, {"model": "auth.permission", "pk": 65, "fields": {"name": "Can add order item", "content_type": 17, "codename": "add_orderitem"}}, {"model": "auth.permission", "pk": 66, "fields": {"name": "Can change order item", "content_type": 17, "codename": "change_orderitem"}}, {"model": "auth.permission", "pk": 67, "fields": {"name": "Can delete order item", "content_type": 17, "codename": "delete_orderitem"}}, {"model": "auth.permission", "pk": 68, "fields": {"name": "Can view order item", "content_type": 17, "codename": "view_orderitem"}}, {"model": "auth.permission", "pk": 69, "fields": {"name": "Can add Google Authentication", "content_type": 18, "codename": "add_googleauth"}}, {"model": "auth.permission", "pk": 70, "fields": {"name": "Can change Google Authentication", "content_type": 18, "codename": "change_googleauth"}}, {"model": "auth.permission", "pk": 71, "fields": {"name": "Can delete Google Authentication", "content_type": 18, "codename": "delete_googleauth"}}, {"model": "auth.permission", "pk": 72, "fields": {"name": "Can view Google Authentication", "content_type": 18, "codename": "view_googleauth"}}, {"model": "contenttypes.contenttype", "pk": 1, "fields": {"app_label": "admin", "model": "logentry"}}, {"model": "contenttypes.contenttype", "pk": 2, "fields": {"app_label": "auth", "model": "permission"}}, {"model": "contenttypes.contenttype", "pk": 3, "fields": {"app_label": "auth", "model": "group"}}, {"model": "contenttypes.contenttype", "pk": 4, "fields": {"app_label": "contenttypes", "model": "contenttype"}}, {"model": "contenttypes.contenttype", "pk": 5, "fields": {"app_label": "sessions", "model": "session"}}, {"model": "contenttypes.contenttype", "pk": 6, "fields": {"app_label": "mainapp", "model": "productcategory"}}, {"model": "contenttypes.contenttype", "pk": 7, "fields": {"app_label": "mainapp", "model": "product"}}, {"model": "contenttypes.contenttype", "pk": 8, "fields": {"app_label": "authapp", "model": "shopuser"}}, {"model": "contenttypes.contenttype", "pk": 9, "fields": {"app_label": "basketapp", "model": "basket"}}, {"model": "contenttypes.contenttype", "pk": 10, "fields": {"app_label": "social_django", "model": "association"}}, {"model": "contenttypes.contenttype", "pk": 11, "fields": {"app_label": "social_django", "model": "code"}}, {"model": "contenttypes.contenttype", "pk": 12, "fields": {"app_label": "social_django", "model": "nonce"}}, {"model": "contenttypes.contenttype", "pk": 13, "fields": {"app_label": "social_django", "model": "usersocialauth"}}, {"model": "contenttypes.contenttype", "pk": 14, "fields": {"app_label": "social_django", "model": "partial"}}, {"model": "contenttypes.contenttype", "pk": 15, "fields": {"app_label": "authapp", "model": "shopuserprofile"}}, {"model": "contenttypes.contenttype", "pk": 16, "fields": {"app_label": "ordersapp", "model": "order"}}, {"model": "contenttypes.contenttype", "pk": 17, "fields": {"app_label": "ordersapp", "model": "orderitem"}}, {"model": "contenttypes.contenttype", "pk": 18, "fields": {"app_label": "django_google", "model": "googleauth"}}, {"model": "sessions.session", "pk": "co48k3fm4192zumknl69j7hwxkiq9jwq", "fields": {"session_data": ".eJxVkEGLwjAUhP9Lzm5t2tom3jxpEVGEBfESXl6StjQ00EQUxP9u6nrYnh7M8M085kkG_QhkTZZkQRrnGqt_HNxCmwkfIOjoXA52CB3C5tJf6_Gkdr_1dW-KO1W2P6tHHUExEeLm9Sg6FRHK5qIE7PUwOd5hB1agG3XyVX3y15tsP-e4mdrnfAu-jTAUpuKYpgWXJUqluMlppg3NVlLJiqUSUVPIDeVoWMlLxkwOciVTplgFnMbQb_8n2oIPwrqmG_49ONuAvN4VhmFE:1o0i7N:Gjx23f1XOHXX5UUL17UgdU3eu1fOSzexlK2D-n1Ch8A", "expire_date": "2022-06-27T11:20:25.801Z"}}, {"model": "sessions.session", "pk": "km6qq3rhjn7iiwhbjrfmbq6gjjkxnnct", "fields": {"session_data": ".eJxVjDsOwjAQBe_iGlmxvevYlPScwdqPRQIokeKkQtwdIqWA9s3Me5lC2zqUrdWljGrOJprT78YkjzrtQO803WYr87QuI9tdsQdt9jprfV4O9-9goDZ8a8g5YYAQUMiTdkk4-V77GDMgVidSmcERQkR0GbV3gQUYOq4xqDfvD8XeN0U:1o551p:pNXbBI1CHzWvPrxE8L5I10EtJXywPZVd7mRN1hX5Ymk", "expire_date": "2022-07-09T12:36:45.237Z"}}, {"model": "social_django.usersocialauth", "pk": 1, "fields": {"user": 18, "provider": "google-oauth2", "uid": "yaoki92@gmail.com", "extra_data": "{\"auth_time\": 1655119225, \"expires\": 3599, \"token_type\": \"Bearer\", \"access_token\": \"ya29.a0ARrdaM9LLv8Zc0Q7btiOYarXHypbe6zI07kIoMyL0r3yRPjKfcyuyGDLBX-1RclpmyJ5FQOuUmfING85Yod1YjylAHYvuqXCJadYq1_YoAx4pszHjXu9ZVLPQ_7XQ0ONEKyq9YJs44wsPLNjdbe4HCTVLy3Rig\"}", "created": "2022-06-05T14:58:24.287Z", "modified": "2022-06-13T11:20:25.767Z"}}, {"model": "mainapp.productcategory", "pk": 1, "fields": {"name": "Диваны", "description": "Дизайнерские диваны\r\n\r\n111", "is_active": true}}, {"model": "mainapp.productcategory", "pk": 2, "fields": {"name": "Люстры", "description": "Дизайнерские люстры", "is_active": true}}, {"model": "mainapp.productcategory", "pk": 3, "fields": {"name": "Стулья", "description": "Удобство и великолепный дизайн.", "is_active": true}}, {"model": "mainapp.productcategory", "pk": 4, "fields": {"name": "Столы", "description": "Разноообразные столы на любой вкус и кощелек.", "is_active": true}}, {"model": "mainapp.productcategory", "pk": 5, "fields": {"name": "Кресла", "description": "Разноообразные кресла на любой вкус и кощелек.", "is_active": true}}, {"model": "mainapp.productcategory", "pk": 6, "fields": {"name": "Торшеры", "description": "ычвыфвыфвыфвфы", "is_active": true}}, {"model": "mainapp.product", "pk": 1, "fields": {"category": 1, "name": "Диван", "image": "products_images/product-3-sm.jpg", "short_desc": "", "description": "Диван для гостиной", "price": "144.00", "quantity": 84, "is_active": true}}, {"model": "mainapp.product", "pk": 2, "fields": {"category": 1, "name": "Удобный диван", "image": "products_images/product-3-sm_BH2Arfv.jpg", "short_desc": "", "description": "Можно лежать и играть в видеоигры на консоли.", "price": "96.00", "quantity": 0, "is_active": true}}, {"model": "mainapp.product", "pk": 3, "fields": {"category": 2, "name": "Красивая люстра", "image": "products_images/product-5-sm.jpg", "short_desc": "", "description": "Дизайнерская люстра", "price": "200.00", "quantity": 2, "is_active": true}}, {"model": "mainapp.product", "pk": 4, "fields": {"category": 3, "name": "Обеденный стул", "image": "products_images/product-2-sm.jpg", "short_desc": "", "description": "Клевый и красивый стул.", "price": "1000.00", "quantity": 0, "is_active": true}}, {"model": "mainapp.product", "pk": 5, "fields": {"category": 4, "name": "Стол", "image": "products_images/product-4.jpg", "short_desc": "", "description": "Стол для тактических переговоров", "price": "400.00", "quantity": 0, "is_active": true}}, {"model": "mainapp.product", "pk": 6, "fields": {"category": 5, "name": "Мега-кресло", "image": "products_images/controll2.jpg", "short_desc": "", "description": "Мега-кресло чтобы сесть и смотреть футбол по телевизору.", "price": "150.00", "quantity": 0, "is_active": true}}, {"model": "mainapp.product", "pk": 7, "fields": {"category": 2, "name": "Очень красивая люстра", "image": "products_images/product-2-sm_w2V5DGR.jpg", "short_desc": "", "description": "Супер люстра\r\n\r\nДорого\r\n\r\nБогато", "price": "5000.00", "quantity": 0, "is_active": true}}, {"model": "mainapp.product", "pk": 8, "fields": {"category": 2, "name": "Новая люстра", "image": "products_images/mulG.jpg", "short_desc": "Новая люстра", "description": "Новая люстра", "price": "1500.00", "quantity": 0, "is_active": true}}, {"model": "mainapp.product", "pk": 9, "fields": {"category": 2, "name": "Новая люстра 2", "image": "products_images/привет.jpg", "short_desc": "Новая люстра 2", "description": "Новая люстраНовая люстраНовая люстраНовая люстра", "price": "1566.00", "quantity": 28, "is_active": true}}, {"model": "authapp.shopuser", "pk": 1, "fields": {"password": "pbkdf2_sha256$320000$UBbnmt5gwD1FZ8wuDuGbN6$WJ63A78X+/s/cKLE/Ete53vT8DxSOwOmNP4pHY5Sbws=", "last_login": "2022-05-20T16:42:26Z", "is_superuser": true, "username": "ivan", "first_name": "Иван", "last_name": "Иванов", "email": "iwan4483@gmail.com", "is_staff": true, "is_active": true, "date_joined": "2022-04-30T08:46:14Z", "avatar": "users_avatars/Bi7svoiCUAAxppO.jpg", "age": 24, "activation_key": "", "activation_key_expires": "2022-05-31T18:12:10.093Z", "groups": [], "user_permissions": []}}, {"model": "authapp.shopuser", "pk": 2, "fields": {"password": "pbkdf2_sha256$320000$GfZgRQXqL19NDcGYrL9eIb$phVWOUSI61TCotk4pTIM5hTg8063RtiysD3x8rE4rN4=", "last_login": "2022-05-21T06:22:06.786Z", "is_superuser": false, "username": "yoshi", "first_name": "Йоши", "last_name": "", "email": "yoshi@aoki.com", "is_staff": false, "is_active": true, "date_joined": "2022-04-30T09:56:06.214Z", "avatar": "users_avatars/woweew_QtTyclp.png", "age": 30, "activation_key": "", "activation_key_expires": "2022-05-31T18:12:10.093Z", "groups": [], "user_permissions": []}}, {"model": "authapp.shopuser", "pk": 3, "fields": {"password": "pbkdf2_sha256$320000$LK9Ggk7D0qk2LzooEP7To7$GV9grzDVjlaYZGfqf/BB6xsfaEnZzGDzj94H8Q5rYZY=", "last_login": null, "is_superuser": false, "username": "vasya", "first_name": "Василий", "last_name": "", "email": "vasya22@gmail.com", "is_staff": false, "is_active": true, "date_joined": "2022-04-30T10:47:32Z", "avatar": "users_avatars/2e27467d8cabbed7397863c27b74cfc9.jpg", "age": 18, "activation_key": "", "activation_key_expires": "2022-05-31T18:12:10.093Z", "groups": [], "user_permissions": []}}, {"model": "authapp.shopuser", "pk": 4, "fields": {"password": "pbkdf2_sha256$320000$Z28JXNCiUxjTpdvC8LiMLN$f+/r9FRGZniJiK9VUgDHslZzJV5Pps/xA71obD1uuy8=", "last_login": "2022-05-23T14:06:56.060Z", "is_superuser": false, "username": "oleg", "first_name": "Олег", "last_name": "", "email": "oleg@lyendell.com", "is_staff": false, "is_active": true, "date_joined": "2022-04-30T13:06:46.940Z", "avatar": "users_avatars/FRANKERZ.png", "age": 45, "activation_key": "", "activation_key_expires": "2022-05-31T18:12:10.093Z", "groups": [], "user_permissions": []}}, {"model": "authapp.shopuser", "pk": 5, "fields": {"password": "pbkdf2_sha256$320000$Rh8Hdnm7w5qhipisbp2I0l$pmw0VeeUt5VLz0NL3ZkMFmoQz4mYDVdPQb7eNiiodlw=", "last_login": null, "is_superuser": false, "username": "nikita", "first_name": "Никита", "last_name": "", "email": "nik584@mail.ru", "is_staff": false, "is_active": true, "date_joined": "2022-05-20T15:43:32.236Z", "avatar": "users_avatars/IUBVl.jpg", "age": 18, "activation_key": "", "activation_key_expires": "2022-05-31T18:12:10.093Z", "groups": [], "user_permissions": []}}, {"model": "authapp.shopuser", "pk": 6, "fields": {"password": "pbkdf2_sha256$320000$UHeCA8IkVXdPUmMDZwPH5O$TCbcjju9DQgwIffvpWzR0fwJ+w2YBy/WFWUSOCbkQuA=", "last_login": "2022-06-25T12:36:45.143Z", "is_superuser": true, "username": "admin", "first_name": "", "last_name": "", "email": "", "is_staff": true, "is_active": true, "date_joined": "2022-05-21T06:23:01.430Z", "avatar": "", "age": null, "activation_key": "", "activation_key_expires": "2022-05-31T18:12:10.093Z", "groups": [], "user_permissions": []}}, {"model": "authapp.shopuser", "pk": 7, "fields": {"password": "pbkdf2_sha256$320000$40xcxqtQCF2v31DeuKYWft$1p2HsEDf+VxEYnbWV+jodopCMOq49judB3k53n2G2jw=", "last_login": "2022-06-08T14:58:54.120Z", "is_superuser": false, "username": "dimon", "first_name": "Дмитрий", "last_name": "", "email": "dimon783@yahoo.com", "is_staff": false, "is_active": true, "date_joined": "2022-05-22T13:37:44.002Z", "avatar": "users_avatars/привет.jpg", "age": 25, "activation_key": "", "activation_key_expires": "2022-05-31T18:12:10.093Z", "groups": [], "user_permissions": []}}, {"model": "authapp.shopuser", "pk": 8, "fields": {"password": "pbkdf2_sha256$320000$73dfMHs6WIVSflDqVPPBoX$jw42DbmeaDxly+4JcA1WN+aiGkKTDxUpgvpxYRUsxPQ=", "last_login": "2022-06-08T14:55:46.416Z", "is_superuser": false, "username": "egor", "first_name": "Егор", "last_name": "", "email": "egorsdsa@mail.ru", "is_staff": false, "is_active": true, "date_joined": "2022-05-30T13:14:15.202Z", "avatar": "users_avatars/can_and_salad.jpg", "age": 37, "activation_key": "", "activation_key_expires": "2022-06-01T13:12:43.836Z", "groups": [], "user_permissions": []}}, {"model": "authapp.shopuser", "pk": 9, "fields": {"password": "pbkdf2_sha256$320000$cnIR3aRIZ2NaGqTp7MMdtV$xZxLiNpR8XxTYNwMvOA2AFmAzog2E4pjBe+gL/aBVIQ=", "last_login": null, "is_superuser": false, "username": "egor22", "first_name": "Егор", "last_name": "", "email": "egosd23a@geeklocal.ru", "is_staff": false, "is_active": true, "date_joined": "2022-05-30T13:24:51.798Z", "avatar": "users_avatars/ohmydog.jpg", "age": 37, "activation_key": "", "activation_key_expires": "2022-06-01T13:24:03.017Z", "groups": [], "user_permissions": []}}, {"model": "authapp.shopuser", "pk": 10, "fields": {"password": "pbkdf2_sha256$320000$3r0K9MROR7V1Ib3mmBVRoC$lRrkGfvOuF5aCYeolLd7Tw4LKeJAg3St/cuOOoux/3c=", "last_login": null, "is_superuser": false, "username": "alex", "first_name": "Александр", "last_name": "", "email": "alex@geeklocal.net", "is_staff": false, "is_active": true, "date_joined": "2022-05-30T13:34:00.832Z", "avatar": "users_avatars/pressF.jpg", "age": 40, "activation_key": "", "activation_key_expires": "2022-06-01T13:33:13.677Z", "groups": [], "user_permissions": []}}, {"model": "authapp.shopuser", "pk": 11, "fields": {"password": "pbkdf2_sha256$320000$5wOvf4vmx1AXfjVfNhAGMj$jeCbOYY16AmerSgLx4Yfks1lYg4ybpSA+6hMyWV134A=", "last_login": null, "is_superuser": false, "username": "alex41", "first_name": "А", "last_name": "", "email": "alex@geeklocal.net", "is_staff": false, "is_active": true, "date_joined": "2022-05-30T13:40:53.252Z", "avatar": "", "age": 40, "activation_key": "", "activation_key_expires": "2022-06-01T13:40:15.566Z", "groups": [], "user_permissions": []}}, {"model": "authapp.shopuser", "pk": 12, "fields": {"password": "pbkdf2_sha256$320000$yUk2ZWPYNb4kEhtOnG4RvE$2MLGTXD7L4dpUE/OpiyDYKJheoalQ4b4jue38HqMh7M=", "last_login": null, "is_superuser": false, "username": "alex3423", "first_name": "Александр", "last_name": "", "email": "alex23@geeklocal.net", "is_staff": false, "is_active": true, "date_joined": "2022-05-30T13:46:10.872Z", "avatar": "users_avatars/абидна.jpg", "age": 18, "activation_key": "", "activation_key_expires": "2022-06-01T13:45:44.347Z", "groups": [], "user_permissions": []}}, {"model": "authapp.shopuser", "pk": 13, "fields": {"password": "pbkdf2_sha256$320000$r80BPETLKlThgqdEuHsfzL$ydVTt8RXfmRWFNbStLp0I6JYNtfnKzfPrYhP4JMDjr0=", "last_login": null, "is_superuser": false, "username": "oleg213123", "first_name": "Олег", "last_name": "", "email": "oleg@geeklocal.net", "is_staff": false, "is_active": false, "date_joined": "2022-05-30T13:54:01.863Z", "avatar": "users_avatars/ругают.jpg", "age": 24, "activation_key": "2d23c93baa0ede81365554df27ed114e93ca8122", "activation_key_expires": "2022-06-01T13:53:18.454Z", "groups": [], "user_permissions": []}}, {"model": "authapp.shopuser", "pk": 14, "fields": {"password": "pbkdf2_sha256$320000$6P844DvEMKR7nelQ0jHdDy$uiTkpDWZ66yLvypyxL3d+C3L5UGr5Ecj7/IfUBpXDjo=", "last_login": null, "is_superuser": false, "username": "fgf", "first_name": "sdsad", "last_name": "", "email": "alex@geeklocal.net", "is_staff": false, "is_active": false, "date_joined": "2022-05-30T14:22:35.094Z", "avatar": "users_avatars/такизапишем.png", "age": 23, "activation_key": "c3c87e2770d17b8c77ac55b17961ec571782717d", "activation_key_expires": "2022-06-01T14:21:21.446Z", "groups": [], "user_permissions": []}}, {"model": "authapp.shopuser", "pk": 15, "fields": {"password": "pbkdf2_sha256$320000$Seu0S1ShIIU6hEIxI8aKm0$zOORvP6p+qrBqeWH5+hQlfn1PidWFCh88qOiMnC0Fq4=", "last_login": null, "is_superuser": false, "username": "fdsfd", "first_name": "dfsdfs", "last_name": "", "email": "alex@geeklocal.net", "is_staff": false, "is_active": false, "date_joined": "2022-05-30T14:23:18.620Z", "avatar": "users_avatars/работать.jpg", "age": 23, "activation_key": "b27f7f6f666b815123d80e509b8c53a65d25141d", "activation_key_expires": "2022-06-01T14:22:56.152Z", "groups": [], "user_permissions": []}}, {"model": "authapp.shopuser", "pk": 16, "fields": {"password": "pbkdf2_sha256$320000$xPNFDpZlbHoYUM2r28v0AS$sN7BER9TkATsZZT8qoT/zn4dsxnFxvLXHvltM1DIKxE=", "last_login": "2022-05-30T14:44:30.691Z", "is_superuser": false, "username": "vasya2", "first_name": "Василий", "last_name": "", "email": "vasya22@geeklocal.ru", "is_staff": false, "is_active": true, "date_joined": "2022-05-30T14:25:00.338Z", "avatar": "users_avatars/ввыex.jpg", "age": 47, "activation_key": "3de747712a933a109cb4331cafd9b1db5ddb2ee1", "activation_key_expires": "2022-06-01T14:24:05.095Z", "groups": [], "user_permissions": []}}, {"model": "authapp.shopuser", "pk": 17, "fields": {"password": "pbkdf2_sha256$320000$HRTBchiC24kOFHHLd9bt2H$OIs8TqogNp/vJ6Y4UjOif83YfCvBV4mukYhlFVbrh90=", "last_login": "2022-05-30T15:42:00.475Z", "is_superuser": false, "username": "anton", "first_name": "Антон", "last_name": "", "email": "anton@geeklocal.net", "is_staff": false, "is_active": true, "date_joined": "2022-05-30T14:37:39.985Z", "avatar": "users_avatars/261437947_4567301510016249_3662057211426285653_n.jpg", "age": 35, "activation_key": "283ca2b39d0541a651aa7b77b1a4b85dfa51f0aa", "activation_key_expires": "2022-06-01T14:34:19.095Z", "groups": [], "user_permissions": []}}, {"model": "authapp.shopuser", "pk": 18, "fields": {"password": "!g8Ykj3ekWFOPbdWhyJeBSQBxBmJkVjAGhHyL5bsF", "last_login": "2022-06-13T11:20:25.793Z", "is_superuser": false, "username": "yaoki92", "first_name": "Ilshat", "last_name": "Kulbaev", "email": "yaoki92@gmail.com", "is_staff": false, "is_active": true, "date_joined": "2022-06-05T14:58:24.279Z", "avatar": "", "age": 27, "activation_key": "", "activation_key_expires": "2022-06-07T14:52:06.709Z", "groups": [], "user_permissions": []}}, {"model": "authapp.shopuser", "pk": 19, "fields": {"password": "pbkdf2_sha256$320000$fYBXV1UBGyiBoS2UHcoKsh$4pPPuLqSHUh4Z5KrpiOFsJFv2iSMedzbBuYgnm9tMNY=", "last_login": "2022-06-07T10:01:42.913Z", "is_superuser": false, "username": "andrey", "first_name": "Андрей", "last_name": "", "email": "andrew212@geeklocal.ru", "is_staff": false, "is_active": true, "date_joined": "2022-06-07T10:00:37.740Z", "avatar": "users_avatars/W46iWxjz.jpeg", "age": 45, "activation_key": "e9d373ad78fe8f6bf8b91c07c8562c84f0d94a4e", "activation_key_expires": "2022-06-09T09:59:18.798Z", "groups": [], "user_permissions": []}}, {"model": "basketapp.basket", "pk": 75, "fields": {"user": 4, "product": 1, "quantity": 6, "add_datetime": "2022-05-16T13:11:05.639Z"}}, {"model": "basketapp.basket", "pk": 76, "fields": {"user": 4, "product": 2, "quantity": 5, "add_datetime": "2022-05-16T13:15:31.553Z"}}, {"model": "basketapp.basket", "pk": 77, "fields": {"user": 4, "product": 4, "quantity": 3, "add_datetime": "2022-05-16T13:15:38.287Z"}}, {"model": "basketapp.basket", "pk": 78, "fields": {"user": 2, "product": 7, "quantity": 2, "add_datetime": "2022-05-20T14:12:56.862Z"}}, {"model": "basketapp.basket", "pk": 79, "fields": {"user": 1, "product": 5, "quantity": 2, "add_datetime": "2022-05-20T14:16:23.253Z"}}, {"model": "basketapp.basket", "pk": 96, "fields": {"user": 8, "product": 3, "quantity": 3, "add_datetime": "2022-06-08T14:13:45.776Z"}}, {"model": "basketapp.basket", "pk": 97, "fields": {"user": 8, "product": 5, "quantity": 2, "add_datetime": "2022-06-08T14:15:48.438Z"}}, {"model": "basketapp.basket", "pk": 98, "fields": {"user": 8, "product": 1, "quantity": 3, "add_datetime": "2022-06-08T14:15:59.637Z"}}, {"model": "basketapp.basket", "pk": 101, "fields": {"user": 8, "product": 9, "quantity": 3, "add_datetime": "2022-06-08T14:55:50.894Z"}}, {"model": "basketapp.basket", "pk": 102, "fields": {"user": 8, "product": 2, "quantity": 1, "add_datetime": "2022-06-08T14:56:17.755Z"}}, {"model": "basketapp.basket", "pk": 108, "fields": {"user": 7, "product": 5, "quantity": 6, "add_datetime": "2022-06-12T19:15:11.991Z"}}, {"model": "basketapp.basket", "pk": 134, "fields": {"user": 18, "product": 1, "quantity": 5, "add_datetime": "2022-06-13T11:20:31.466Z"}}, {"model": "basketapp.basket", "pk": 135, "fields": {"user": 6, "product": 1, "quantity": 7, "add_datetime": "2022-06-25T13:49:14.768Z"}}, {"model": "ordersapp.order", "pk": 1, "fields": {"user": 7, "created": "2022-06-07T16:13:05.058Z", "updated": "2022-06-13T10:24:36.860Z", "status": "paid", "is_active": false}}, {"model": "ordersapp.order", "pk": 2, "fields": {"user": 7, "created": "2022-06-07T16:13:32.134Z", "updated": "2022-06-09T16:06:12.467Z", "status": "paid", "is_active": true}}, {"model": "ordersapp.order", "pk": 3, "fields": {"user": 7, "created": "2022-06-07T16:14:32.477Z", "updated": "2022-06-09T16:06:13.572Z", "status": "paid", "is_active": true}}, {"model": "ordersapp.order", "pk": 4, "fields": {"user": 7, "created": "2022-06-07T16:15:17.736Z", "updated": "2022-06-09T16:13:05.489Z", "status": "created", "is_active": true}}, {"model": "ordersapp.order", "pk": 5, "fields": {"user": 7, "created": "2022-06-07T16:17:52.514Z", "updated": "2022-06-09T16:09:42.337Z", "status": "created", "is_active": true}}, {"model": "ordersapp.order", "pk": 6, "fields": {"user": 7, "created": "2022-06-07T16:18:24.252Z", "updated": "2022-06-13T10:27:25.583Z", "status": "paid", "is_active": false}}, {"model": "ordersapp.order", "pk": 7, "fields": {"user": 6, "created": "2022-06-07T16:27:33.827Z", "updated": "2022-06-07T16:27:33.827Z", "status": "created", "is_active": true}}, {"model": "ordersapp.order", "pk": 8, "fields": {"user": 6, "created": "2022-06-07T16:33:13.270Z", "updated": "2022-06-07T16:33:13.270Z", "status": "created", "is_active": true}}, {"model": "ordersapp.order", "pk": 9, "fields": {"user": 6, "created": "2022-06-07T16:34:07.451Z", "updated": "2022-06-07T16:34:07.451Z", "status": "created", "is_active": true}}, {"model": "ordersapp.order", "pk": 10, "fields": {"user": 6, "created": "2022-06-07T16:36:18.929Z", "updated": "2022-06-07T16:36:18.929Z", "status": "created", "is_active": true}}, {"model": "ordersapp.order", "pk": 11, "fields": {"user": 6, "created": "2022-06-07T16:36:25.311Z", "updated": "2022-06-07T16:36:25.311Z", "status": "created", "is_active": true}}, {"model": "ordersapp.order", "pk": 12, "fields": {"user": 6, "created": "2022-06-07T16:36:40.303Z", "updated": "2022-06-07T16:36:40.303Z", "status": "created", "is_active": true}}, {"model": "ordersapp.order", "pk": 13, "fields": {"user": 6, "created": "2022-06-07T16:36:48.965Z", "updated": "2022-06-07T16:36:48.965Z", "status": "created", "is_active": true}}, {"model": "ordersapp.order", "pk": 14, "fields": {"user": 6, "created": "2022-06-07T16:37:52.426Z", "updated": "2022-06-07T16:37:52.426Z", "status": "created", "is_active": true}}, {"model": "ordersapp.order", "pk": 15, "fields": {"user": 6, "created": "2022-06-07T16:40:09.153Z", "updated": "2022-06-07T16:40:09.153Z", "status": "created", "is_active": true}}, {"model": "ordersapp.order", "pk": 16, "fields": {"user": 6, "created": "2022-06-07T16:40:41.230Z", "updated": "2022-06-07T16:40:41.230Z", "status": "created", "is_active": true}}, {"model": "ordersapp.order", "pk": 17, "fields": {"user": 6, "created": "2022-06-07T16:41:45.013Z", "updated": "2022-06-07T16:41:45.013Z", "status": "created", "is_active": true}}, {"model": "ordersapp.order", "pk": 18, "fields": {"user": 6, "created": "2022-06-07T16:43:02.194Z", "updated": "2022-06-07T16:43:02.194Z", "status": "created", "is_active": true}}, {"model": "ordersapp.order", "pk": 19, "fields": {"user": 6, "created": "2022-06-07T16:43:33.707Z", "updated": "2022-06-07T16:43:33.707Z", "status": "created", "is_active": true}}, {"model": "ordersapp.order", "pk": 20, "fields": {"user": 6, "created": "2022-06-07T16:44:39.148Z", "updated": "2022-06-07T16:44:39.148Z", "status": "created", "is_active": true}}, {"model": "ordersapp.order", "pk": 21, "fields": {"user": 8, "created": "2022-06-07T16:51:17.746Z", "updated": "2022-06-07T16:51:17.746Z", "status": "created", "is_active": true}}, {"model": "ordersapp.order", "pk": 22, "fields": {"user": 8, "created": "2022-06-07T17:05:33.206Z", "updated": "2022-06-08T14:04:18.286Z", "status": "created", "is_active": true}}, {"model": "ordersapp.order", "pk": 23, "fields": {"user": 18, "created": "2022-06-07T18:07:24.858Z", "updated": "2022-06-13T11:27:14.855Z", "status": "created", "is_active": true}}, {"model": "ordersapp.order", "pk": 24, "fields": {"user": 7, "created": "2022-06-12T18:29:28.088Z", "updated": "2022-06-12T18:29:28.088Z", "status": "created", "is_active": true}}, {"model": "ordersapp.order", "pk": 25, "fields": {"user": 7, "created": "2022-06-12T18:29:45.176Z", "updated": "2022-06-12T18:29:45.176Z", "status": "created", "is_active": true}}, {"model": "ordersapp.order", "pk": 26, "fields": {"user": 7, "created": "2022-06-12T18:29:50.986Z", "updated": "2022-06-12T18:29:50.986Z", "status": "created", "is_active": true}}, {"model": "ordersapp.order", "pk": 27, "fields": {"user": 6, "created": "2022-06-13T08:51:29.843Z", "updated": "2022-06-13T08:51:29.843Z", "status": "created", "is_active": true}}, {"model": "ordersapp.order", "pk": 28, "fields": {"user": 6, "created": "2022-06-13T08:52:12.369Z", "updated": "2022-06-13T08:52:12.369Z", "status": "created", "is_active": true}}, {"model": "ordersapp.order", "pk": 29, "fields": {"user": 6, "created": "2022-06-13T08:54:32.095Z", "updated": "2022-06-13T08:54:32.095Z", "status": "created", "is_active": true}}, {"model": "ordersapp.order", "pk": 30, "fields": {"user": 6, "created": "2022-06-13T08:55:50.415Z", "updated": "2022-06-13T08:55:50.415Z", "status": "created", "is_active": true}}, {"model": "ordersapp.order", "pk": 31, "fields": {"user": 6, "created": "2022-06-13T08:56:01.372Z", "updated": "2022-06-13T08:56:01.372Z", "status": "created", "is_active": true}}, {"model": "ordersapp.order", "pk": 32, "fields": {"user": 6, "created": "2022-06-13T08:56:15.434Z", "updated": "2022-06-13T08:56:15.435Z", "status": "created", "is_active": true}}, {"model": "ordersapp.order", "pk": 33, "fields": {"user": 6, "created": "2022-06-13T08:56:56.613Z", "updated": "2022-06-13T08:56:56.613Z", "status": "created", "is_active": true}}, {"model": "ordersapp.order", "pk": 34, "fields": {"user": 6, "created": "2022-06-13T08:59:04.646Z", "updated": "2022-06-13T08:59:04.646Z", "status": "created", "is_active": true}}, {"model": "ordersapp.order", "pk": 35, "fields": {"user": 6, "created": "2022-06-13T09:00:09.097Z", "updated": "2022-06-13T09:00:09.097Z", "status": "created", "is_active": true}}, {"model": "ordersapp.order", "pk": 36, "fields": {"user": 6, "created": "2022-06-13T09:01:25.576Z", "updated": "2022-06-13T09:01:25.576Z", "status": "created", "is_active": true}}, {"model": "ordersapp.order", "pk": 37, "fields": {"user": 6, "created": "2022-06-13T09:02:12.003Z", "updated": "2022-06-13T09:02:12.004Z", "status": "created", "is_active": true}}, {"model": "ordersapp.order", "pk": 38, "fields": {"user": 6, "created": "2022-06-13T09:03:09.731Z", "updated": "2022-06-13T09:03:09.731Z", "status": "created", "is_active": true}}, {"model": "ordersapp.order", "pk": 39, "fields": {"user": 6, "created": "2022-06-13T09:04:17.529Z", "updated": "2022-06-13T09:04:17.529Z", "status": "created", "is_active": true}}, {"model": "ordersapp.order", "pk": 40, "fields": {"user": 6, "created": "2022-06-13T09:05:38.274Z", "updated": "2022-06-13T09:05:38.274Z", "status": "created", "is_active": true}}, {"model": "ordersapp.order", "pk": 41, "fields": {"user": 6, "created": "2022-06-13T09:06:28.651Z", "updated": "2022-06-13T09:06:28.651Z", "status": "created", "is_active": true}}, {"model": "ordersapp.order", "pk": 42, "fields": {"user": 6, "created": "2022-06-13T09:08:04.349Z", "updated": "2022-06-13T09:08:04.349Z", "status": "created", "is_active": true}}, {"model": "ordersapp.order", "pk": 43, "fields": {"user": 6, "created": "2022-06-13T09:08:59.131Z", "updated": "2022-06-13T09:10:25.700Z", "status": "paid", "is_active": true}}, {"model": "ordersapp.order", "pk": 44, "fields": {"user": 6, "created": "2022-06-13T09:37:41.294Z", "updated": "2022-06-13T10:33:17.224Z", "status": "sent", "is_active": true}}, {"model": "ordersapp.order", "pk": 45, "fields": {"user": 6, "created": "2022-06-13T09:38:46.811Z", "updated": "2022-06-13T10:39:54.023Z", "status": "sent", "is_active": false}}, {"model": "ordersapp.orderitem", "pk": 1, "fields": {"order": 1, "product": 3, "quantity": 0}}, {"model": "ordersapp.orderitem", "pk": 2, "fields": {"order": 2, "product": 3, "quantity": 0}}, {"model": "ordersapp.orderitem", "pk": 3, "fields": {"order": 3, "product": 3, "quantity": 0}}, {"model": "ordersapp.orderitem", "pk": 4, "fields": {"order": 4, "product": 3, "quantity": 0}}, {"model": "ordersapp.orderitem", "pk": 5, "fields": {"order": 5, "product": 3, "quantity": 0}}, {"model": "ordersapp.orderitem", "pk": 6, "fields": {"order": 6, "product": 3, "quantity": 0}}, {"model": "ordersapp.orderitem", "pk": 7, "fields": {"order": 7, "product": 8, "quantity": 0}}, {"model": "ordersapp.orderitem", "pk": 8, "fields": {"order": 7, "product": 2, "quantity": 0}}, {"model": "ordersapp.orderitem", "pk": 9, "fields": {"order": 8, "product": 8, "quantity": 0}}, {"model": "ordersapp.orderitem", "pk": 10, "fields": {"order": 8, "product": 2, "quantity": 0}}, {"model": "ordersapp.orderitem", "pk": 11, "fields": {"order": 9, "product": 8, "quantity": 0}}, {"model": "ordersapp.orderitem", "pk": 12, "fields": {"order": 13, "product": 8, "quantity": 1}}, {"model": "ordersapp.orderitem", "pk": 13, "fields": {"order": 14, "product": 8, "quantity": 1}}, {"model": "ordersapp.orderitem", "pk": 14, "fields": {"order": 15, "product": 8, "quantity": 0}}, {"model": "ordersapp.orderitem", "pk": 15, "fields": {"order": 16, "product": 8, "quantity": 1}}, {"model": "ordersapp.orderitem", "pk": 16, "fields": {"order": 17, "product": 8, "quantity": 1}}, {"model": "ordersapp.orderitem", "pk": 17, "fields": {"order": 18, "product": 1, "quantity": 5}}, {"model": "ordersapp.orderitem", "pk": 18, "fields": {"order": 19, "product": 8, "quantity": 4}}, {"model": "ordersapp.orderitem", "pk": 19, "fields": {"order": 20, "product": 3, "quantity": 3}}, {"model": "ordersapp.orderitem", "pk": 20, "fields": {"order": 21, "product": 9, "quantity": 1}}, {"model": "ordersapp.orderitem", "pk": 21, "fields": {"order": 21, "product": 8, "quantity": 2}}, {"model": "ordersapp.orderitem", "pk": 23, "fields": {"order": 23, "product": 4, "quantity": 4}}, {"model": "ordersapp.orderitem", "pk": 24, "fields": {"order": 22, "product": 3, "quantity": 1}}, {"model": "ordersapp.orderitem", "pk": 25, "fields": {"order": 22, "product": 4, "quantity": 1}}, {"model": "ordersapp.orderitem", "pk": 26, "fields": {"order": 6, "product": 3, "quantity": 1}}, {"model": "ordersapp.orderitem", "pk": 27, "fields": {"order": 26, "product": 9, "quantity": 3}}, {"model": "ordersapp.orderitem", "pk": 28, "fields": {"order": 27, "product": 5, "quantity": 148}}, {"model": "ordersapp.orderitem", "pk": 29, "fields": {"order": 27, "product": 9, "quantity": 44}}, {"model": "ordersapp.orderitem", "pk": 30, "fields": {"order": 28, "product": 5, "quantity": 9}}, {"model": "ordersapp.orderitem", "pk": 31, "fields": {"order": 29, "product": 5, "quantity": 4}}, {"model": "ordersapp.orderitem", "pk": 32, "fields": {"order": 31, "product": 5, "quantity": 135}}, {"model": "ordersapp.orderitem", "pk": 33, "fields": {"order": 33, "product": 5, "quantity": 1}}, {"model": "ordersapp.orderitem", "pk": 34, "fields": {"order": 34, "product": 8, "quantity": 2}}, {"model": "ordersapp.orderitem", "pk": 35, "fields": {"order": 35, "product": 8, "quantity": 1}}, {"model": "ordersapp.orderitem", "pk": 36, "fields": {"order": 35, "product": 6, "quantity": 4}}, {"model": "ordersapp.orderitem", "pk": 37, "fields": {"order": 36, "product": 7, "quantity": 7}}, {"model": "ordersapp.orderitem", "pk": 38, "fields": {"order": 37, "product": 7, "quantity": 4}}, {"model": "ordersapp.orderitem", "pk": 39, "fields": {"order": 38, "product": 9, "quantity": 10}}, {"model": "ordersapp.orderitem", "pk": 40, "fields": {"order": 39, "product": 9, "quantity": 7}}, {"model": "ordersapp.orderitem", "pk": 41, "fields": {"order": 40, "product": 7, "quantity": 1}}, {"model": "ordersapp.orderitem", "pk": 42, "fields": {"order": 41, "product": 7, "quantity": 3}}, {"model": "ordersapp.orderitem", "pk": 43, "fields": {"order": 42, "product": 6, "quantity": 1}}, {"model": "ordersapp.orderitem", "pk": 44, "fields": {"order": 43, "product": 1, "quantity": 12}}, {"model": "ordersapp.orderitem", "pk": 45, "fields": {"order": 44, "product": 9, "quantity": 5}}, {"model": "ordersapp.orderitem", "pk": 46, "fields": {"order": 44, "product": 1, "quantity": 7}}, {"model": "ordersapp.orderitem", "pk": 47, "fields": {"order": 45, "product": 9, "quantity": 5}}, {"model": "ordersapp.orderitem", "pk": 48, "fields": {"order": 45, "product": 1, "quantity": 3}}]